{"data_time": 0.08893306157551706, "eta_seconds": 106468.44991141465, "fast_rcnn/cls_accuracy": 0.677978515625, "fast_rcnn/false_negative": 0.8906119862754396, "fast_rcnn/fg_cls_accuracy": 0.0049434718674408315, "iteration": 19, "loss_box_reg": 0.7257511243224144, "loss_cls": 1.675231784582138, "loss_rpn_cls": 0.5382800176739693, "loss_rpn_loc": 0.48256415501236916, "lr": 0.00039962, "roi_head/num_bg_samples": 96.59375, "roi_head/num_fg_samples": 31.40625, "rpn/num_neg_anchors": 154.15625, "rpn/num_pos_anchors": 101.84375, "time": 1.3311884209979326, "total_loss": 3.4295728839933872}
{"data_time": 0.09602989547420293, "eta_seconds": 106855.99903953727, "fast_rcnn/cls_accuracy": 0.7509765625, "fast_rcnn/false_negative": 1.0, "fast_rcnn/fg_cls_accuracy": 0.0, "iteration": 39, "loss_box_reg": 0.7419826611876488, "loss_cls": 0.8526927009224892, "loss_rpn_cls": 0.1797727644443512, "loss_rpn_loc": 0.37287487834692, "lr": 0.0007992199999999998, "roi_head/num_bg_samples": 96.03125, "roi_head/num_fg_samples": 31.96875, "rpn/num_neg_anchors": 152.6875, "rpn/num_pos_anchors": 103.3125, "time": 1.3400717698968947, "total_loss": 2.155697125941515}
{"data_time": 0.07203642942477018, "eta_seconds": 106415.20237457473, "fast_rcnn/cls_accuracy": 0.779296875, "fast_rcnn/false_negative": 0.8232421875, "fast_rcnn/fg_cls_accuracy": 0.126953125, "iteration": 59, "loss_box_reg": 0.7700916230678558, "loss_cls": 0.7106152772903442, "loss_rpn_cls": 0.10878873150795698, "loss_rpn_loc": 0.3090207725763321, "lr": 0.00119882, "roi_head/num_bg_samples": 96.0, "roi_head/num_fg_samples": 32.0, "rpn/num_neg_anchors": 155.6875, "rpn/num_pos_anchors": 100.3125, "time": 1.3247654575388879, "total_loss": 1.9183884374797344}
{"data_time": 0.10227094497531652, "eta_seconds": 106436.41684019007, "fast_rcnn/cls_accuracy": 0.789794921875, "fast_rcnn/false_negative": 0.7177734375, "fast_rcnn/fg_cls_accuracy": 0.20703125, "iteration": 79, "loss_box_reg": 0.7655182033777237, "loss_cls": 0.5844115391373634, "loss_rpn_cls": 0.07773771788924932, "loss_rpn_loc": 0.29266513139009476, "lr": 0.0015984200000000001, "roi_head/num_bg_samples": 96.0, "roi_head/num_fg_samples": 32.0, "rpn/num_neg_anchors": 152.3125, "rpn/num_pos_anchors": 103.6875, "time": 1.3320396130438894, "total_loss": 1.7119427165016532}
{"data_time": 0.10170793801080436, "fast_rcnn/cls_accuracy": 0.794921875, "fast_rcnn/false_negative": 0.69921875, "fast_rcnn/fg_cls_accuracy": 0.216796875, "iteration": 83, "loss_box_reg": 0.7615509405732155, "loss_cls": 0.553254745900631, "loss_rpn_cls": 0.07439736183732748, "loss_rpn_loc": 0.29002928361296654, "lr": 0.00167834, "roi_head/num_bg_samples": 96.0, "roi_head/num_fg_samples": 32.0, "rpn/num_neg_anchors": 151.78125, "rpn/num_pos_anchors": 104.21875, "time": 1.3320396130438894, "total_loss": 1.6759724714793265}
{"eta_seconds": 106453.35081628815, "iteration": 84}
